News Portal,Pencarian Terkait,Judul,Waktu Post & Rangkuman
Detik.com,corona,Boneka Kertas Temani Pengunjung Restoran yang Buka Kembali,"detikFoodSenin, 18 Mei 2020 05:00 WIB, Rangkuman berita : Restoran di Australia punya cara unik untuk mengisi kekosongan di dalam restoran. Salah satunya dengan meletakkan boneka kertas di setiap meja."
Detik.com,corona,"Erick Thohir Minta Pegawai BUMN Ngantor Lagi, Ini Kata Telkom","detikFinanceSenin, 18 Mei 2020 04:51 WIB, Rangkuman berita : PT Telkom Indonesia (Persero) Tbk (Telkom) menyatakan siap untuk mengimplementasikan skenario The New Normal di lingkungan kerja BUMN."
Detik.com,corona,Bayern Munich Tak Tampil Oke Saat Kalahkan Union Berlin,"SepakbolaSenin, 18 Mei 2020 04:50 WIB, Rangkuman berita : Bayern Munich berhasil mengalahkan Union Berlin 2-0 dalam lanjutan Bundesliga. Manuel Neuer menilai Bayern tak main oke dalam laga tersebut."
Detik.com,corona,Bamsoet Soal Konser 'Bersatu Melawan Corona': Memberi itu Indah,"Minggu, 17 Mei  2020 21:39 WIB   -  detikFlash, Rangkuman berita : Pemerintah tengah mengkaji uji coba pengurangan pembatasan sosial di sektor transportasi. Ide tersebut menuai sorotan dari sejumlah pihak."
Detik.com,corona,IDI-Pakar Epidemiologi Soroti Ide Pelonggaran Pembatasan Transportasi,"detikNewsSenin, 18 Mei 2020 04:49 WIB, Rangkuman berita : Terlalu dini jika menyimpulkan ekonomi bakal kembali pulih begitu pembatasan sosial berskala besar (PSBB) direlaksasi atau dilonggarkan."
Detik.com,corona,"PSBB Mau Dilonggarkan, Nggak Takut Ancaman Gelombang Kedua Corona?","detikFinanceSenin, 18 Mei 2020 04:31 WIB, Rangkuman berita : ""Saksi satu ruangan dengan korban melihat korban buka jendela langsung keluar langsung loncat dari lantai 4 RS Hermina,"" ujar Kombes Arie."
Detik.com,corona,Heboh PDP Corona Loncat dari Lantai 4 RS Hermina Jatinegara,"detikNewsSenin, 18 Mei 2020 04:20 WIB, Rangkuman berita : FC Seoul punya cara unik menyiasati lowongnya stadion akibat laga digelar tanpa penonton. Mereka menempatkan boneka di tribun untuk menggantikan para fan."
Detik.com,corona,Ini Lokasi Isolasi Sementara untuk COVID-19 di Tanah Abang,"SepakbolaSenin, 18 Mei 2020 04:20 WIB, Rangkuman berita : Selama tiga bulan pertama 2020 atau selama terjadinya pandemi Corona, ada peningkatan serangan DDoS yang diarahkan ke sejumlah situs pendidikan atau kota."
Detik.com,corona,"Susuri Gang Sempit, Sandiaga Uno Tebar Sembako","detikInetSenin, 18 Mei 2020 04:17 WIB, Rangkuman berita : Seorang tenaga kesehatan (nakes) RSUD Sidoarjo dinyatakan Positif Corona. Perempuan berusia 28 tahun ini merupakan warga Kecamatan Gempol, Kabupaten Pasuruan."
Detik.com,corona,"Bamsoet Soal Konser 'Bersatu Melawan Corona': Memberi itu Indah
Minggu, 17 Mei  2020 21:39 WIB   -  detikFlash",Tidak ada
Detik.com,corona,Ini Lokasi Isolasi Sementara untuk COVID-19 di Tanah Abang,Tidak ada
Detik.com,corona,"Susuri Gang Sempit, Sandiaga Uno Tebar Sembako",Tidak ada
Detik.com,corona,Potret Vietnam yang Menggeliat Lagi Pasca-Lockdown,Tidak ada
Detik.com,corona,Foto Kocak Pengunjung Cafe Pakai Topi Aneh untuk Jaga Jarak Cegah Corona,Tidak ada
Detik.com,corona,"Lockdown Dicabut, Warga Selandia Baru Serbu Mal dan Resto",Tidak ada
